{
  "metadata": {
    "last_updated": "2025-11-11T14:34:12Z",
    "data_source": "Commodity market data aggregation",
    "total_assets": 18,
    "successful_retrievals": 18,
    "failed_retrievals": []
  },
  "commodities": {
    "precious_metals": {
      "gold": {
        "symbol": "GOLD",
        "name": "Gold",
        "price": 4131.42,
        "unit": "USD per troy ounce",
        "volume_24h": 180000000000,
        "change_24h": 0.37,
        "change_7d": -0.32,
        "change_30d": -0.98,
        "day_range": "4115.70 - 4148.92",
        "year_range": "2536.91 - 4381.60",
        "category": "precious_metals"
      },
      "silver": {
        "symbol": "SILVER",
        "name": "Silver",
        "price": 50.82,
        "unit": "USD per troy ounce",
        "volume_24h": 45000000000,
        "change_24h": 0.61,
        "change_7d": 2.17,
        "change_30d": 1.02,
        "day_range": "50.42 - 51.14",
        "year_range": "28.16 - 54.50",
        "category": "precious_metals"
      },
      "platinum": {
        "symbol": "PLAT",
        "name": "Platinum",
        "price": 1588.5,
        "unit": "USD per troy ounce",
        "volume_24h": 8000000000,
        "change_24h": 0.75,
        "change_7d": -0.25,
        "change_30d": 2.01,
        "day_range": "1576.65 - 1594.77",
        "year_range": "887.50 - 1734.36",
        "category": "precious_metals"
      },
      "palladium": {
        "symbol": "PALL",
        "name": "Palladium",
        "price": 1450.87,
        "unit": "USD per troy ounce",
        "volume_24h": 4000000000,
        "change_24h": 0.95,
        "change_7d": -3.51,
        "change_30d": 1.87,
        "day_range": "1400.50 - 1450.80",
        "year_range": "800.20 - 1890.45",
        "category": "precious_metals"
      }
    },
    "energy": {
      "oil": {
        "symbol": "OIL",
        "name": "Crude Oil (WTI)",
        "price": 59.86,
        "unit": "USD per barrel",
        "volume_24h": 280000000000,
        "change_24h": -0.19,
        "change_7d": 6.05,
        "change_30d": 9.78,
        "day_range": "59.76 - 59.99",
        "year_range": "65.20 - 85.40",
        "category": "energy"
      },
      "brent": {
        "symbol": "BRENT",
        "name": "Brent Crude Oil",
        "price": 63.793,
        "unit": "USD per barrel",
        "volume_24h": 280000000000,
        "change_24h": -0.42,
        "change_7d": 3.78,
        "change_30d": 11.05,
        "day_range": "63.40 - 64.20",
        "year_range": "65.20 - 85.40",
        "category": "energy"
      },
      "natgas": {
        "symbol": "NATGAS",
        "name": "Natural Gas",
        "price": 4.41,
        "unit": "USD per MMBtu",
        "volume_24h": 95000000000,
        "change_24h": -1.87,
        "change_7d": -4.88,
        "change_30d": -11.34,
        "day_range": "4.40 - 4.51",
        "year_range": "2.80 - 8.50",
        "category": "energy"
      },
      "coal": {
        "symbol": "COAL",
        "name": "Coal",
        "price": 109.45,
        "unit": "USD per ton",
        "volume_24h": 12000000000,
        "change_24h": -0.91,
        "change_7d": 5.83,
        "change_30d": -0.56,
        "day_range": "108.50 - 110.40",
        "year_range": "95.00 - 140.00",
        "category": "energy"
      },
      "uranium": {
        "symbol": "URANIUM",
        "name": "Uranium",
        "price": 77.9,
        "unit": "USD per pound",
        "volume_24h": 3500000000,
        "change_24h": 0.58,
        "change_7d": -2.64,
        "change_30d": -3.1,
        "day_range": "77.50 - 78.20",
        "year_range": "63.25 - 82.63",
        "category": "energy"
      }
    },
    "industrial_metals": {
      "copper": {
        "symbol": "COPPER",
        "name": "Copper",
        "price": 11190.6,
        "unit": "USD per metric ton",
        "volume_24h": 52000000000,
        "change_24h": 0.74,
        "change_7d": -2.19,
        "change_30d": -15.41,
        "day_range": "10682.00 - 10850.00",
        "year_range": "8200.00 - 12500.00",
        "category": "industrial_metals"
      },
      "alum": {
        "symbol": "ALUM",
        "name": "Aluminum",
        "price": 2882.82,
        "unit": "USD per metric ton",
        "volume_24h": 28000000000,
        "change_24h": 0.75,
        "change_7d": 0.9,
        "change_30d": -2.96,
        "day_range": "2850.00 - 2890.00",
        "year_range": "2200.00 - 3200.00",
        "category": "industrial_metals"
      },
      "zinc": {
        "symbol": "ZINC",
        "name": "Zinc",
        "price": 3084.64,
        "unit": "USD per metric ton",
        "volume_24h": 15000000000,
        "change_24h": 1.2,
        "change_7d": -0.41,
        "change_30d": 8.19,
        "day_range": "3250.00 - 3320.00",
        "year_range": "2400.00 - 3800.00",
        "category": "industrial_metals"
      },
      "nickel": {
        "symbol": "NICKEL",
        "name": "Nickel",
        "price": 15122.36,
        "unit": "USD per metric ton",
        "volume_24h": 18000000000,
        "change_24h": 0.8,
        "change_7d": -0.53,
        "change_30d": -1.35,
        "day_range": "14800.00 - 15050.00",
        "year_range": "18000.00 - 25000.00",
        "category": "industrial_metals"
      }
    },
    "agricultural": {
      "wheat": {
        "symbol": "WHEAT",
        "name": "Wheat",
        "price": 546.78,
        "unit": "USD per bushel",
        "volume_24h": 22000000000,
        "change_24h": -0.02,
        "change_7d": 3.12,
        "change_30d": -10.9,
        "day_range": "545.03 - 548.03",
        "year_range": "480.00 - 620.00",
        "category": "agricultural"
      },
      "corn": {
        "symbol": "CORN",
        "name": "Corn",
        "price": 442.26,
        "unit": "USD per bushel",
        "volume_24h": 28000000000,
        "change_24h": -0.13,
        "change_7d": -0.56,
        "change_30d": 2.99,
        "day_range": "441.76 - 442.51",
        "year_range": "380.00 - 520.00",
        "category": "agricultural"
      },
      "soybean": {
        "symbol": "SOYBEAN",
        "name": "Soybean",
        "price": 1128.6,
        "unit": "USD per metric ton",
        "volume_24h": 25000000000,
        "change_24h": 0.32,
        "change_7d": -0.73,
        "change_30d": 2.44,
        "day_range": "1126.10 - 1130.80",
        "year_range": "1000.00 - 1300.00",
        "category": "agricultural"
      },
      "coffee": {
        "symbol": "COFFEE",
        "name": "Coffee",
        "price": 417.19,
        "unit": "USD per pound",
        "volume_24h": 8500000000,
        "change_24h": 1.32,
        "change_7d": -0.07,
        "change_30d": 14.77,
        "day_range": "407.53 - 417.93",
        "year_range": "350.00 - 480.00",
        "category": "agricultural"
      },
      "sugar": {
        "symbol": "SUGAR",
        "name": "Sugar",
        "price": 0.14,
        "unit": "USD per pound",
        "volume_24h": 12000000000,
        "change_24h": 1.0,
        "change_7d": -1.92,
        "change_30d": 8.75,
        "day_range": "0.138 - 0.142",
        "year_range": "0.12 - 0.18",
        "category": "agricultural"
      }
    }
  }
}