{
  "metadata": {
    "last_updated": "2025-11-11T14:34:12Z",
    "data_source": "Cryptocurrency market data aggregation",
    "total_assets": 15,
    "successful_retrievals": 15,
    "failed_retrievals": []
  },
  "cryptocurrencies": {
    "top_tier": {
      "btc": {
        "symbol": "BTC",
        "name": "Bitcoin",
        "price": 105052,
        "market_cap": 2095470244934,
        "volume_24h": 69891728650,
        "change_24h": -1.02,
        "change_7d": 12.33,
        "change_30d": 27.51,
        "circulating_supply": 19946887000,
        "max_supply": 21000000000,
        "category": "top_tier"
      },
      "eth": {
        "symbol": "ETH",
        "name": "Ethereum",
        "price": 3553.57,
        "market_cap": 428721513516,
        "volume_24h": 33784356886,
        "change_24h": -1.41,
        "change_7d": 0.62,
        "change_30d": -13.09,
        "circulating_supply": 120696534,
        "max_supply": null,
        "category": "top_tier"
      },
      "bnb": {
        "symbol": "BNB",
        "name": "Binance Coin",
        "price": 984.57,
        "market_cap": 135617848571,
        "volume_24h": 1793277971,
        "change_24h": -2.14,
        "change_7d": 6.34,
        "change_30d": 3.99,
        "circulating_supply": 137737274,
        "max_supply": 200000000,
        "category": "top_tier"
      },
      "xrp": {
        "symbol": "XRP",
        "name": "Ripple",
        "price": 2.47,
        "market_cap": 148249099443,
        "volume_24h": 6164840340,
        "change_24h": 0.51,
        "change_7d": 2.72,
        "change_30d": 11.31,
        "circulating_supply": 60107199237,
        "max_supply": 100000000000,
        "category": "top_tier"
      },
      "ada": {
        "symbol": "ADA",
        "name": "Cardano",
        "price": 0.582,
        "market_cap": 20905000000,
        "volume_24h": 886603563,
        "change_24h": 1.5,
        "change_7d": 12.53,
        "change_30d": -6.3,
        "circulating_supply": 35866283823,
        "max_supply": 45000000000,
        "category": "top_tier"
      },
      "sol": {
        "symbol": "SOL",
        "name": "Solana",
        "price": 167.73,
        "market_cap": 92273000000,
        "volume_24h": 5580000000,
        "change_24h": 1.31,
        "change_7d": 10.48,
        "change_30d": -17.79,
        "circulating_supply": 554273017,
        "max_supply": null,
        "category": "top_tier"
      },
      "matic": {
        "symbol": "MATIC",
        "name": "Polygon (POL)",
        "price": 0.1792,
        "market_cap": 1887655661,
        "volume_24h": 120053857,
        "change_24h": -1.6,
        "change_7d": 9.01,
        "change_30d": -8.16,
        "circulating_supply": 10530000000,
        "max_supply": 10000000000,
        "category": "defi_layer2",
        "note": "Migration to POL token"
      },
      "doge": {
        "symbol": "DOGE",
        "name": "Dogecoin",
        "price": 0.177488,
        "market_cap": 26929365604,
        "volume_24h": 2288342639,
        "change_24h": -1.82,
        "change_7d": -6.36,
        "change_30d": -11.58,
        "circulating_supply": 151725206384,
        "max_supply": null,
        "category": "top_tier"
      }
    },
    "defi_layer2": {
      "avax": {
        "symbol": "AVAX",
        "name": "Avalanche",
        "price": 17.72,
        "market_cap": 7570000000,
        "volume_24h": 508240000,
        "change_24h": -1.62,
        "change_7d": 12.1,
        "change_30d": 41.74,
        "circulating_supply": 427080000,
        "max_supply": 715740000,
        "category": "defi_layer2"
      },
      "dot": {
        "symbol": "DOT",
        "name": "Polkadot",
        "price": 3.2,
        "market_cap": 5234974063,
        "volume_24h": 401527442,
        "change_24h": -1.76,
        "change_7d": -7.32,
        "change_30d": 55.54,
        "circulating_supply": 1634530535,
        "max_supply": null,
        "category": "defi_layer2"
      },
      "uni": {
        "symbol": "UNI",
        "name": "Uniswap",
        "price": 8.68,
        "market_cap": 5535456429,
        "volume_24h": 3233647327,
        "change_24h": 29.4,
        "change_7d": -8.35,
        "change_30d": 2.11,
        "circulating_supply": 629892750,
        "max_supply": 1000000000,
        "category": "defi_layer2"
      },
      "link": {
        "symbol": "LINK",
        "name": "Chainlink",
        "price": 16.14,
        "market_cap": 11270000000,
        "volume_24h": 742480000,
        "change_24h": 2.01,
        "change_7d": -3.02,
        "change_30d": 22.45,
        "circulating_supply": 1000000000,
        "max_supply": 1000000000,
        "category": "defi_layer2"
      }
    },
    "stablecoins": {
      "usdt": {
        "symbol": "USDT",
        "name": "Tether",
        "price": 0.9998,
        "market_cap": 183457663912,
        "volume_24h": 141080408417,
        "change_24h": -0.02,
        "change_7d": -0.14,
        "change_30d": -0.08,
        "circulating_supply": 183497848871,
        "max_supply": null,
        "category": "stablecoin"
      },
      "usdc": {
        "symbol": "USDC",
        "name": "USD Coin",
        "price": 0.9999,
        "market_cap": 76110000000,
        "volume_24h": 16260000000,
        "change_24h": 0,
        "change_7d": -0.07,
        "change_30d": 0.0,
        "circulating_supply": 76110000000,
        "max_supply": null,
        "category": "stablecoin"
      },
      "dai": {
        "symbol": "DAI",
        "name": "Dai",
        "price": 0.9998,
        "market_cap": 5364311625,
        "volume_24h": 109107159,
        "change_24h": -0.01,
        "change_7d": 0.07,
        "change_30d": -0.15,
        "circulating_supply": 5365382703,
        "max_supply": null,
        "category": "stablecoin"
      }
    }
  }
}