{
  "metadata": {
    "last_updated": "2025-11-11T15:21:01Z",
    "data_source": "Wise Exchange Rates & Trading Economics",
    "total_assets": 20,
    "successful_retrievals": 20,
    "failed_retrievals": []
  },
  "currencies": {
    "major": {
      "usd": {
        "symbol": "USD",
        "name": "US Dollar",
        "rate_vs_usd": 1.0,
        "rate_from_usd": 1.0,
        "volume_24h": 5000000000000,
        "change_24h": 0.0,
        "change_7d": 0.1,
        "change_30d": 0.3,
        "category": "major"
      },
      "eur": {
        "symbol": "EUR",
        "name": "Euro",
        "rate_vs_usd": 1.15524,
        "rate_from_usd": 0.865464,
        "volume_24h": 3500000000000,
        "change_24h": 0.004,
        "change_7d": -0.264,
        "change_30d": 0.41,
        "category": "major"
      },
      "gbp": {
        "symbol": "GBP",
        "name": "British Pound",
        "rate_vs_usd": 1.31571,
        "rate_from_usd": 0.76118,
        "volume_24h": 1800000000000,
        "change_24h": 0.061,
        "change_7d": -0.122,
        "change_30d": 1.52,
        "category": "major"
      },
      "jpy": {
        "symbol": "JPY",
        "name": "Japanese Yen",
        "rate_vs_usd": 154.185,
        "rate_from_usd": 0.006486,
        "volume_24h": 2200000000000,
        "change_24h": 0.107,
        "change_7d": 0.361,
        "change_30d": 1.40,
        "category": "major",
        "note": "Rate per 100 JPY"
      },
      "chf": {
        "symbol": "CHF",
        "name": "Swiss Franc",
        "rate_vs_usd": 0.80465,
        "rate_from_usd": 1.2416,
        "volume_24h": 850000000000,
        "change_24h": -0.236,
        "change_7d": -0.359,
        "change_30d": 0.28,
        "category": "major"
      },
      "cad": {
        "symbol": "CAD",
        "name": "Canadian Dollar",
        "rate_vs_usd": 1.4037,
        "rate_from_usd": 0.71227,
        "volume_24h": 720000000000,
        "change_24h": 0.053,
        "change_7d": -0.203,
        "change_30d": 0.28,
        "category": "major"
      },
      "aud": {
        "symbol": "AUD",
        "name": "Australian Dollar",
        "rate_vs_usd": 1.53445,
        "rate_from_usd": 0.65173,
        "volume_24h": 680000000000,
        "change_24h": 0.138,
        "change_7d": -0.077,
        "change_30d": -0.27,
        "category": "major"
      },
      "nzd": {
        "symbol": "NZD",
        "name": "New Zealand Dollar",
        "rate_vs_usd": 1.77352,
        "rate_from_usd": 0.564,
        "volume_24h": 420000000000,
        "change_24h": 0.1,
        "change_7d": 0.5,
        "change_30d": 1.5,
        "category": "major"
      }
    },
    "emerging": {
      "cny": {
        "symbol": "CNY",
        "name": "Chinese Yuan",
        "rate_vs_usd": 7.12125,
        "rate_from_usd": 0.1404,
        "volume_24h": 950000000000,
        "change_24h": 0.032,
        "change_7d": -0.043,
        "change_30d": -0.20,
        "category": "emerging"
      },
      "inr": {
        "symbol": "INR",
        "name": "Indian Rupee",
        "rate_vs_usd": 88.68,
        "rate_from_usd": 0.01127,
        "volume_24h": 580000000000,
        "change_24h": 0.007,
        "change_7d": -0.06,
        "change_30d": -0.16,
        "category": "emerging"
      },
      "brl": {
        "symbol": "BRL",
        "name": "Brazilian Real",
        "rate_vs_usd": 5.29125,
        "rate_from_usd": 0.189,
        "volume_24h": 320000000000,
        "change_24h": -0.771,
        "change_7d": -1.231,
        "change_30d": -4.28,
        "category": "emerging"
      },
      "rub": {
        "symbol": "RUB",
        "name": "Russian Ruble",
        "rate_vs_usd": 81.31,
        "rate_from_usd": 0.0123,
        "volume_24h": 280000000000,
        "change_24h": 0.743,
        "change_7d": 0.994,
        "change_30d": -0.39,
        "category": "emerging"
      },
      "krw": {
        "symbol": "KRW",
        "name": "South Korean Won",
        "rate_vs_usd": 1464.82,
        "rate_from_usd": 0.000683,
        "volume_24h": 450000000000,
        "change_24h": 0.820,
        "change_7d": 1.891,
        "change_30d": 2.43,
        "category": "emerging"
      },
      "mxn": {
        "symbol": "MXN",
        "name": "Mexican Peso",
        "rate_vs_usd": 18.3818,
        "rate_from_usd": 0.05438,
        "volume_24h": 380000000000,
        "change_24h": -0.224,
        "change_7d": -0.838,
        "change_30d": -0.78,
        "category": "emerging"
      },
      "zar": {
        "symbol": "ZAR",
        "name": "South African Rand",
        "rate_vs_usd": 17.1625,
        "rate_from_usd": 0.0583,
        "volume_24h": 290000000000,
        "change_24h": -0.553,
        "change_7d": -1.327,
        "change_30d": -1.4,
        "category": "emerging"
      },
      "try": {
        "symbol": "TRY",
        "name": "Turkish Lira",
        "rate_vs_usd": 42.2268,
        "rate_from_usd": 0.0237,
        "volume_24h": 220000000000,
        "change_24h": -0.003,
        "change_7d": 0.358,
        "change_30d": 0.98,
        "category": "emerging"
      },
      "idr": {
        "symbol": "IDR",
        "name": "Indonesian Rupiah",
        "rate_vs_usd": 16691,
        "rate_from_usd": 0.0000599,
        "volume_24h": 180000000000,
        "change_24h": 0.210,
        "change_7d": -0.09,
        "change_30d": 0.52,
        "category": "emerging"
      },
      "thb": {
        "symbol": "THB",
        "name": "Thai Baht",
        "rate_vs_usd": 32.4,
        "rate_from_usd": 0.0309,
        "volume_24h": 240000000000,
        "change_24h": 0.155,
        "change_7d": -0.55,
        "change_30d": -0.78,
        "category": "emerging"
      },
      "sgd": {
        "symbol": "SGD",
        "name": "Singapore Dollar",
        "rate_vs_usd": 1.3027,
        "rate_from_usd": 0.7676,
        "volume_24h": 380000000000,
        "change_24h": 0.031,
        "change_7d": -0.126,
        "change_30d": 0.39,
        "category": "emerging"
      },
      "hkd": {
        "symbol": "HKD",
        "name": "Hong Kong Dollar",
        "rate_vs_usd": 7.77285,
        "rate_from_usd": 0.1287,
        "volume_24h": 420000000000,
        "change_24h": -0.026,
        "change_7d": -0.02,
        "change_30d": -0.12,
        "category": "emerging"
      }
    }
  },
  "notes": {
    "rate_convention": "All rates are quoted as units of foreign currency per 1 USD",
    "data_quality": "Major currencies have higher data quality than emerging market currencies",
    "trading_hours": "Forex markets operate 24/5, with different regional sessions"
  }
}
