{
  "metadata": {
    "last_updated": "2025-11-11T14:34:12Z",
    "data_source": "Stock index market data aggregation",
    "total_assets": 10,
    "successful_retrievals": 10,
    "failed_retrievals": []
  },
  "indices": {
    "american": {
      "spx": {
        "symbol": "SPX",
        "name": "S&P 500",
        "price": 6832.42,
        "volume_24h": 450000000000,
        "change_24h": 1.54,
        "change_7d": -0.88,
        "change_30d": 3.82,
        "day_range": "6770.56 - 6841.32",
        "year_range": "4835.04 - 6920.34",
        "pe_ratio": 28.41,
        "dividend_yield": 1.52,
        "category": "american"
      },
      "dji": {
        "symbol": "DJI",
        "name": "Dow Jones Industrial Average",
        "price": 47368.63,
        "volume_24h": 280000000000,
        "change_24h": 0.81,
        "change_7d": -0.48,
        "change_30d": 5.38,
        "day_range": "46650.11 - 46877.40",
        "year_range": "36611.78 - 48040.64",
        "pe_ratio": 24.8,
        "dividend_yield": 1.85,
        "category": "american"
      },
      "ixic": {
        "symbol": "IXIC",
        "name": "NASDAQ Composite",
        "price": 23527.17,
        "volume_24h": 380000000000,
        "change_24h": 2.27,
        "change_7d": 0.7,
        "change_30d": 5.57,
        "day_range": "23290.05 - 23569.62",
        "year_range": "14784.03 - 24019.99",
        "pe_ratio": 32.5,
        "dividend_yield": 0.78,
        "category": "american"
      },
      "rut": {
        "symbol": "RUT",
        "name": "Russell 2000",
        "price": 2455.65,
        "volume_24h": 0,
        "change_24h": 0.94,
        "change_7d": 0.63,
        "change_30d": 0.75,
        "day_range": "2440.33 - 2468.89",
        "year_range": "1732.99 - 2541.67",
        "pe_ratio": 20.5,
        "dividend_yield": 1.42,
        "category": "american"
      }
    },
    "european": {
      "ftse": {
        "symbol": "FTSE",
        "name": "FTSE 100",
        "price": 9787.15,
        "volume_24h": 180000000000,
        "change_24h": 1.08,
        "change_7d": -1.25,
        "change_30d": -2.12,
        "day_range": "9682.57 - 9800.35",
        "year_range": "7544.83 - 9800.35",
        "pe_ratio": 14.2,
        "dividend_yield": 3.8,
        "category": "european"
      },
      "dax": {
        "symbol": "DAX",
        "name": "DAX (Germany)",
        "price": 23959.99,
        "volume_24h": 220000000000,
        "change_24h": 1.65,
        "change_7d": 0.91,
        "change_30d": -0.59,
        "day_range": "23854.49 - 24022.69",
        "year_range": "18000.00 - 24500.00",
        "pe_ratio": 16.8,
        "dividend_yield": 2.9,
        "category": "european"
      },
      "cac": {
        "symbol": "CAC",
        "name": "CAC 40 (France)",
        "price": 8055.51,
        "volume_24h": 0,
        "change_24h": 1.32,
        "change_7d": -1.78,
        "change_30d": 1.67,
        "day_range": "7950.18 - 8110.52",
        "year_range": "6763.76 - 8271.48",
        "pe_ratio": 16.8,
        "dividend_yield": 2.9,
        "category": "european"
      }
    },
    "asian": {
      "n225": {
        "symbol": "N225",
        "name": "Nikkei 225 (Japan)",
        "price": 50948.75,
        "volume_24h": 190000000000,
        "change_24h": 0.07,
        "change_7d": -0.03,
        "change_30d": 2.53,
        "day_range": "51070.89 - 51513.16",
        "year_range": "30792.74 - 52636.87",
        "pe_ratio": 18.5,
        "dividend_yield": 1.9,
        "category": "asian"
      },
      "hsi": {
        "symbol": "HSI",
        "name": "Hang Seng (Hong Kong)",
        "price": 26617.12,
        "volume_24h": 0,
        "change_24h": -0.12,
        "change_7d": 2.52,
        "change_30d": 7.89,
        "day_range": "26511.25 - 26788.43",
        "year_range": "17000.00 - 30500.00",
        "pe_ratio": 15.2,
        "dividend_yield": 3.1,
        "category": "asian"
      },
      "ssec": {
        "symbol": "SSEC",
        "name": "Shanghai Composite (China)",
        "price": 3999.27,
        "volume_24h": 3117764048,
        "change_24h": -0.48,
        "change_7d": -2.63,
        "change_30d": 0.12,
        "day_range": "3991.52 - 4024.94",
        "year_range": "3040.69 - 4025.71",
        "pe_ratio": 16.37,
        "dividend_yield": 2.1,
        "category": "asian"
      }
    }
  }
}