{
  "metadata": {
    "last_updated": "2025-11-11T14:34:12Z",
    "data_source": "Real-time market data aggregation",
    "total_assets": 25,
    "successful_retrievals": 25,
    "failed_retrievals": []
  },
  "stocks": {
    "technology": {
      "aapl": {
        "symbol": "AAPL",
        "name": "Apple Inc.",
        "price": 252.98,
        "market_cap": 3981192724480,
        "volume_24h": 41240261,
        "pe_ratio": 36.12,
        "change_24h": 1.8,
        "change_7d": -0.47,
        "change_30d": 6.21,
        "beta": 1.109,
        "dividend_yield": 0.39,
        "category": "technology"
      },
      "msft": {
        "symbol": "MSFT",
        "name": "Microsoft Corporation",
        "price": 513.86,
        "market_cap": 3760783097856,
        "volume_24h": 26072123,
        "pe_ratio": 35.96,
        "change_24h": 0.2,
        "change_7d": -2.03,
        "change_30d": 5.0,
        "beta": 1.065,
        "dividend_yield": 0.72,
        "category": "technology"
      },
      "googl": {
        "symbol": "GOOGL",
        "name": "Alphabet Inc.",
        "price": 252.77,
        "market_cap": 3503286124544,
        "volume_24h": 29097788,
        "pe_ratio": 28.67,
        "change_24h": -0.8,
        "change_7d": -1.57,
        "change_30d": -2.46,
        "beta": 1.082,
        "dividend_yield": 0.29,
        "category": "technology"
      },
      "meta": {
        "symbol": "META",
        "name": "Meta Platforms Inc.",
        "price": 726.22,
        "market_cap": 1592368562176,
        "volume_24h": 18851500,
        "pe_ratio": 27.93,
        "change_24h": 2.5,
        "change_7d": -1.86,
        "change_30d": 4.75,
        "beta": 1.272,
        "dividend_yield": 0.33,
        "category": "technology"
      },
      "nvda": {
        "symbol": "NVDA",
        "name": "NVIDIA Corporation",
        "price": 183.93,
        "market_cap": 4846270808064,
        "volume_24h": 197408546,
        "pe_ratio": 56.87,
        "change_24h": 3.1,
        "change_7d": -1.29,
        "change_30d": 0.47,
        "beta": 2.269,
        "dividend_yield": 0.02,
        "category": "technology"
      },
      "amd": {
        "symbol": "AMD",
        "name": "Advanced Micro Devices Inc.",
        "price": 200.97,
        "market_cap": 397209567232,
        "volume_24h": 41537143,
        "pe_ratio": 128.41,
        "change_24h": 1.9,
        "change_7d": 1.93,
        "change_30d": 0.3,
        "beta": 1.913,
        "dividend_yield": 0.0,
        "category": "technology"
      },
      "intc": {
        "symbol": "INTC",
        "name": "Intel Corporation",
        "price": 33.64,
        "market_cap": 183406493696,
        "volume_24h": 77092019,
        "pe_ratio": 640.83,
        "change_24h": -1.2,
        "change_7d": 2.25,
        "change_30d": 1.34,
        "beta": 1.346,
        "dividend_yield": 0.0,
        "category": "technology"
      },
      "tsla": {
        "symbol": "TSLA",
        "name": "Tesla Inc.",
        "price": 445.23,
        "market_cap": 1481000000000,
        "volume_24h": 75981546,
        "pe_ratio": 302.88,
        "change_24h": 3.66,
        "change_7d": -2.02,
        "change_30d": 4.47,
        "beta": 2.1,
        "dividend_yield": 0.0,
        "category": "technology"
      }
    },
    "banking_finance": {
      "jpm": {
        "symbol": "JPM",
        "name": "JPMorgan Chase & Co.",
        "price": 306.49,
        "market_cap": 862657708032,
        "volume_24h": 4458888,
        "pe_ratio": 15.7,
        "change_24h": 0.6,
        "change_7d": -1.39,
        "change_30d": -4.12,
        "beta": 1.076,
        "dividend_yield": 1.89,
        "category": "banking"
      },
      "bac": {
        "symbol": "BAC",
        "name": "Bank of America Corporation",
        "price": 51.39,
        "market_cap": 390099304448,
        "volume_24h": 21739738,
        "pe_ratio": 14.6,
        "change_24h": -0.3,
        "change_7d": -1.0,
        "change_30d": -2.52,
        "beta": 1.304,
        "dividend_yield": 2.1,
        "category": "banking"
      },
      "wfc": {
        "symbol": "WFC",
        "name": "Wells Fargo & Company",
        "price": 83.34,
        "market_cap": 270275182592,
        "volume_24h": 10329031,
        "pe_ratio": 14.18,
        "change_24h": 1.1,
        "change_7d": -0.56,
        "change_30d": -4.0,
        "beta": 1.106,
        "dividend_yield": 2.09,
        "category": "banking"
      },
      "gs": {
        "symbol": "GS",
        "name": "Goldman Sachs Group Inc.",
        "price": 779.0,
        "market_cap": 239103016960,
        "volume_24h": 1359916,
        "pe_ratio": 16.18,
        "change_24h": 0.4,
        "change_7d": -0.36,
        "change_30d": 0.82,
        "beta": 1.35,
        "dividend_yield": 2.01,
        "category": "banking"
      },
      "ms": {
        "symbol": "MS",
        "name": "Morgan Stanley",
        "price": 158.43,
        "market_cap": 262315507712,
        "volume_24h": 5012757,
        "pe_ratio": 16.93,
        "change_24h": -0.7,
        "change_7d": 1.58,
        "change_30d": 1.66,
        "beta": 1.217,
        "dividend_yield": 2.42,
        "category": "banking"
      }
    },
    "pharmaceutical_healthcare": {
      "pfe": {
        "symbol": "PFE",
        "name": "Pfizer Inc.",
        "price": 24.73,
        "market_cap": 138674405376,
        "volume_24h": 148576172,
        "pe_ratio": 14.18,
        "change_24h": 0.8,
        "change_7d": -0.77,
        "change_30d": 2.05,
        "beta": 0.425,
        "dividend_yield": 7.05,
        "category": "healthcare"
      },
      "jnj": {
        "symbol": "JNJ",
        "name": "Johnson & Johnson",
        "price": 184.52,
        "market_cap": 453935300608,
        "volume_24h": 5323146,
        "pe_ratio": 18.22,
        "change_24h": 0.2,
        "change_7d": -0.89,
        "change_30d": -3.28,
        "beta": 0.358,
        "dividend_yield": 2.76,
        "category": "healthcare"
      },
      "mrna": {
        "symbol": "MRNA",
        "name": "Moderna Inc.",
        "price": 25.81,
        "market_cap": 9673225216,
        "volume_24h": 8207405,
        "pe_ratio": 0.0,
        "change_24h": -2.1,
        "change_7d": 0.82,
        "change_30d": 6.77,
        "beta": 1.111,
        "dividend_yield": 0.0,
        "category": "healthcare"
      },
      "abbv": {
        "symbol": "ABBV",
        "name": "AbbVie Inc.",
        "price": 223.18,
        "market_cap": 386544697344,
        "volume_24h": 2963938,
        "pe_ratio": 166.95,
        "change_24h": 0.7,
        "change_7d": 0.23,
        "change_30d": 6.06,
        "beta": 0.352,
        "dividend_yield": 3.16,
        "category": "healthcare"
      }
    },
    "energy": {
      "xom": {
        "symbol": "XOM",
        "name": "Exxon Mobil Corporation",
        "price": 113.52,
        "market_cap": 498533728256,
        "volume_24h": 10322842,
        "pe_ratio": 17.18,
        "change_24h": 1.3,
        "change_7d": 0.4,
        "change_30d": 4.74,
        "beta": 0.378,
        "dividend_yield": 3.49,
        "category": "energy"
      },
      "cvx": {
        "symbol": "CVX",
        "name": "Chevron Corporation",
        "price": 155.43,
        "market_cap": 311199367168,
        "volume_24h": 8253889,
        "pe_ratio": 21.89,
        "change_24h": 0.9,
        "change_7d": -0.56,
        "change_30d": 8.59,
        "beta": 0.669,
        "dividend_yield": 4.39,
        "category": "energy"
      },
      "cop": {
        "symbol": "COP",
        "name": "ConocoPhillips",
        "price": 91.37,
        "market_cap": 109027426304,
        "volume_24h": 6066184,
        "pe_ratio": 12.46,
        "change_24h": 1.8,
        "change_7d": 0.95,
        "change_30d": 3.77,
        "beta": 0.327,
        "dividend_yield": 3.81,
        "category": "energy"
      }
    },
    "retail": {
      "amzn": {
        "symbol": "AMZN",
        "name": "Amazon.com Inc.",
        "price": 227.77,
        "market_cap": 2655449513984,
        "volume_24h": 34123225,
        "pe_ratio": 35.08,
        "change_24h": 2.2,
        "change_7d": 0.21,
        "change_30d": 1.42,
        "beta": 1.368,
        "dividend_yield": 0.0,
        "category": "retail"
      },
      "wmt": {
        "symbol": "WMT",
        "name": "Walmart Inc.",
        "price": 103.15,
        "market_cap": 816579411968,
        "volume_24h": 12488726,
        "pe_ratio": 38.65,
        "change_24h": 0.5,
        "change_7d": -1.72,
        "change_30d": 2.12,
        "beta": 0.649,
        "dividend_yield": 0.92,
        "category": "retail"
      },
      "cost": {
        "symbol": "COST",
        "name": "Costco Wholesale Corporation",
        "price": 915.56,
        "market_cap": 405757000000,
        "volume_24h": 2558363,
        "pe_ratio": 50.25,
        "change_24h": -0.78,
        "change_7d": -1.76,
        "change_30d": -6.21,
        "beta": 0.85,
        "dividend_yield": 0.57,
        "category": "retail"
      }
    },
    "industrial_auto": {
      "ge": {
        "symbol": "GE",
        "name": "General Electric Company",
        "price": 297.55,
        "market_cap": 329038659584,
        "volume_24h": 3715423,
        "pe_ratio": 41.65,
        "change_24h": 1.2,
        "change_7d": 1.5,
        "change_30d": -7.98,
        "beta": 1.401,
        "dividend_yield": 0.46,
        "category": "industrial"
      },
      "f": {
        "symbol": "F",
        "name": "Ford Motor Company",
        "price": 12.16,
        "market_cap": 52436000768,
        "volume_24h": 61964997,
        "pe_ratio": 11.25,
        "change_24h": 0.8,
        "change_7d": 2.52,
        "change_30d": 4.73,
        "beta": 1.612,
        "dividend_yield": 4.56,
        "category": "automotive"
      }
    }
  }
}